"","iso3","g.whoregion","year","country","inc","inc.sd","inc.f","inc.f.sd","inc.m","inc.m.sd","inc.15plus","inc.15plus.sd","inc.15plus.f","inc.15plus.f.sd","inc.15plus.m","inc.15plus.m.sd","inc.014","inc.014.sd","inc.014.f","inc.014.f.sd","inc.014.m","inc.014.m.sd","e.pop.m014","e.pop.f014","e.pop.014","e.pop.m15plus","e.pop.f15plus","e.pop.15plus","e.pop.f","e.pop.m","e.pop.num"
"1","ABW","AMR",2020,"Aruba",1.0771219302025,0.0823889766169866,0,0,2.27084238379211,0.173696565646878,1.30372184244238,0.0997215871111699,0,0,2.79139764066217,0.213513798667149,0,0,0,0,0,0,9.444,9.113,18.557,41.198,47.011,88.209,56.124,50.642,106.766
"2","AFG","EMR",2020,"Afghanistan",188.743403236961,37.725594728372,196.196663600846,55.4547723280008,181.672273730813,51.349469420891,324.427384251941,64.845794910822,337.878939667009,95.5011126579604,311.712537847051,88.1052078095432,NA,NA,NA,NA,NA,NA,8333.7,7947.146,16280.846,11642.565,11004.93,22647.495,18952.076,19976.265,38928.341
"3","AGO","AFR",2020,"Angola",321.85404450556,69.3577029624349,264.784186457743,79.5700638014653,380.133073037706,114.233456609708,600.422179110824,129.387540289577,487.708237180772,146.560774901742,718.54487278161,215.929289948639,NA,NA,NA,NA,NA,NA,7658.353,7590.076,15248.429,8602.517,9015.322,17617.839,16605.398,16260.87,32866.268
"4","AIA","AMR",2020,"Anguilla",21.585174393398,4.31440480076648,0,0,0,0,0,0,0,0,0,0,0,0,0,0,0,0,1.832,1.759,3.591,5.574,5.835,11.409,7.594,7.406,15.002
"5","ALB","EUR",2020,"Albania",14.6927404541093,1.14533137589802,7.60524859895582,0.752388429791763,21.5304135531794,2.13000717008357,17.5306330384918,1.38373859722423,8.97094023191284,0.897952571113275,25.9115515609906,2.59363497517857,1.06556603553828,0.0841079068866513,0.750460904733127,0.0751179120030117,1.34871715919166,0.135000792502494,261.253,234.76,496.013,1203.461,1178.326,2381.787,1413.086,1464.714,2877.8
"6","AND","EUR",2020,"Andorra",2.9767682650618,0.227692783107096,2.91021358437089,0.314806796449525,3.04627691981669,0.329525187902292,3.45584037022568,0.264336972785554,3.35023014624483,0.362404747669388,3.56832567953333,0.385996815455486,0,0,0,0,0,0,5.523,5.19,10.713,32.228,34.326,66.554,39.516,37.751,77.265
"7","ARE","EMR",2020,"United Arab Emirates",0.790665696028472,0.0604779605292955,0.787856471995342,0.0795442575423275,0.791920680738528,0.0799545917573338,0.885326417644356,0.0709122909147075,1.02988303748725,0.109843822862378,0.829859341696719,0.0885099756108494,0.246334953795921,0.0197307745006819,0,0,0.482867367695679,0.0515009915422979,747.458,717.714,1465.172,6088.891,2336.337,8425.228,3054.051,6836.349,9890.4
"8","ARG","AMR",2020,"Argentina",30.4840409251001,2.37629783730869,25.1290530318694,2.73729429859495,36.1055706103803,3.93296048418419,40.3416496735817,3.14472005559685,32.8122929022801,3.57422550588478,48.4675229721817,5.27954133928233,NA,NA,NA,NA,NA,NA,5623.776,5419.954,11043.73,16425.37,17726.677,34152.047,23146.631,22049.146,45195.777
"9","ARM","EUR",2020,"Armenia",22.6556779564862,2.90573947426424,10.3136567011902,1.66124461412213,36.5539262855665,5.88782571751752,26.9467957482587,3.66333035093168,12.2507906471963,2.10230314827137,44.5818557822851,7.65049199402718,6.3484821911186,0.863055767755869,1.76328626456793,0.302589634584377,10.4082937102204,1.78612052603619,327.414,289.898,617.312,1066.333,1279.589,2345.922,1569.487,1393.747,2963.234
"10","ASM","WPR",2020,"American Samoa",0.22279917453811,0.0173676853375068,0.301351320468035,0.0315164807099498,0.146455234452543,0.0153168519863325,0.314667776392714,0.024529044766756,0.422171165018196,0.0441522849739904,0.208487540043062,0.0218044292084959,0,0,0,0,0,0,8.328,7.786,16.114,19.662,19.42,39.082,27.206,27.99,55.197
"11","ATG","AMR",2020,"Antigua and Barbuda",2.34866432481006,0.179649159681843,0,0,4.86576826249762,0.372182252836393,3.00531810638826,0.229876558640596,0,0,6.31417119639818,0.482970485623551,0,0,0,0,0,0,10.843,10.554,21.397,36.426,40.105,76.531,50.659,47.269,97.928
"12","AUS","WPR",2020,"Australia",7.26532802251116,0.555724394997384,6.83320591507754,0.73802535314645,7.70094256507127,0.831745878403367,9.00204092907535,0.688565434836758,8.4060113535196,0.907897343477607,9.61165130931252,1.03811335997115,NA,NA,NA,NA,NA,NA,2524.371,2395.177,4919.548,10174.254,10406.079,20580.333,12801.256,12698.625,25499.881
"13","AUT","EUR",2020,"Austria",4.87764256528691,0.373090515448453,3.32405677699192,0.343555912734655,6.47567589726402,0.669289633936887,5.51996658182394,0.435686431588921,3.62127092896519,0.383885614658149,7.5029120528222,0.79537269141769,1.06315773254649,0.0839141672043051,1.46295309804171,0.155085510107985,0.687434152027557,0.0728738852090011,669.155,628.865,1298.02,3770.536,3937.844,7708.38,4566.709,4439.691,9006.4
"14","AZE","EUR",2020,"Azerbaijan",57.0860514149344,7.32165951998773,39.9652446022531,6.94473068645278,74.2401454475941,12.9006545909532,74.6372320931674,9.57271325228689,51.2037754077407,8.89764178539085,99.0992261599887,17.2203984678777,NA,NA,NA,NA,NA,NA,1270.473,1113.786,2384.259,3794.191,3960.725,7754.916,5074.511,5064.664,10139.175
"15","BDI","AFR",2020,"Burundi",103.496542024565,20.6866741088064,77.1056760728476,21.1482477286012,130.294699994793,35.7367282612284,189.041417902959,37.7852064303462,139.11725731662,38.156545288259,241.015318614697,66.1047529060738,NA,NA,NA,NA,NA,NA,2710.353,2670.454,5380.807,3189.511,3320.463,6509.974,5990.917,5899.864,11890.781
"16","BEL","EUR",2020,"Belgium",8.685329899275,0.664340230018205,5.73380871944584,0.588283341977481,11.6887185723856,1.19925145076375,9.88370322595468,0.799339531006705,6.37276178759534,0.689255928187058,13.5147900935423,1.46171306894128,2.84850736619169,0.230371601626159,2.46878927724609,0.267015730620709,3.20553245810282,0.34669933121368,1017.49,956.682,1974.172,4726.845,4888.599,9615.444,5845.281,5744.335,11589.616
"17","BEN","AFR",2020,"Benin",54.0454964931893,10.8025091187978,41.2244595954927,11.3406083697947,66.897667709214,18.4031581684046,93.0928925196452,18.6072269770981,70.2157316032346,19.3159381911694,116.550193979262,32.0622785189143,NA,NA,NA,NA,NA,NA,2579.221,2505.8,5085.021,3475.027,3563.15,7038.177,6068.95,6054.248,12123.198
"18","BFA","AFR",2020,"Burkina Faso",45.9523176082211,9.18486159332489,32.7985851566561,8.91432590859848,59.1234948188635,16.0691718607175,82.6039202627611,16.5107140220447,58.1033783217268,15.7919144462046,107.870586819145,29.3181416900993,NA,NA,NA,NA,NA,NA,4720.002,4554.844,9274.846,5724.711,5903.721,11628.432,10458.565,10444.713,20903.278
"19","BGD","SEA",2020,"Bangladesh",247.677653757705,33.1440528195746,222.454684487212,41.8386270557449,272.346586362806,51.2221501786073,311.809643451622,45.0900908369593,276.837746274874,56.2232992441417,346.274097890458,70.325208495448,72.1045764954912,10.42688054145,71.4118689219792,14.503119354242,72.7681259764675,14.7785631737808,22504.586,21557.302,44061.888,60754.522,59872.973,120627.495,81430.275,83259.108,164689.383
"20","BGR","EUR",2020,"Bulgaria",18.7961364869462,2.41072798919385,12.4939534979952,2.16077323723316,25.4722586265491,4.40531291724118,22.0300281847766,2.82549584509848,14.5061150527504,2.50876755602121,30.1574542309958,5.21559648960401,NA,NA,NA,NA,NA,NA,524.196,495.799,1019.995,2849.925,3078.525,5928.45,3574.324,3374.121,6948.445
"21","BHR","EMR",2020,"Bahrain",13.0437363325797,0.997714401047011,12.6266617202537,1.30236315120288,13.2715538940493,1.36887984597607,15.7965442497415,1.22086164957184,16.8942982299939,1.76420731562597,15.2725688726454,1.59485628622836,0.739338260112058,0.0571409615648531,0,0,1.44432443294567,0.150825307808065,159.244,151.845,311.089,941.23,449.264,1390.494,601.109,1100.474,1701.583
"22","BHS","AMR",2020,"Bahamas",9.06552608023436,0.693421406733901,6.25757463332591,0.650059490818363,12.0360243441675,1.25034575136796,11.5633747538931,0.884481663553777,7.88594369498541,0.819220359863265,15.5522046940611,1.61561928653353,0,0,0,0,0,0,43.204,41.743,84.947,147.889,160.412,308.301,202.155,191.093,393.248
"23","BIH","EUR",2020,"Bosnia and Herzegovina",25.5253981393771,3.27379987878398,19.0553120411115,3.36230419647639,32.2677087863564,5.69362771016138,29.7784315939967,3.82999254202559,21.9529332431423,3.88137796700421,38.067733626229,6.73054761813149,0.492342012217716,0.0633232220094451,1.01255821436347,0.179024875628736,0,0,244.784,231.668,476.452,1361.825,1442.538,2804.363,1674.206,1606.609,3280.815
"24","BLR","EUR",2020,"Belarus",25.4834650419098,3.26842168454129,14.2905203874922,2.40614394160212,38.331644252545,6.45403044039143,30.7921372304868,3.94929374290272,16.9639209548632,2.85627356629273,47.2882134259421,7.96207871783358,NA,NA,NA,NA,NA,NA,833.257,795.839,1629.096,3566.11,4254.115,7820.225,5049.954,4399.367,9449.321
"25","BLZ","AMR",2020,"Belize",22.7893695094206,1.77648135615588,18.6007782754704,2.0183163503116,27.0224177040459,2.93212395036981,31.3627722634853,2.50826531025419,25.2427143780668,2.80781637986545,37.6512939455597,4.18805673114652,2.00121419458128,0.160048866231785,2.03136012968587,0.225953760760907,1.97194992305153,0.219345400470461,58.913,57.19,116.103,138.848,142.67,281.518,199.86,197.761,397.621
"26","BMU","AMR",2020,"Bermuda",5.54012172209465,0.423763496090965,3.65671404496168,0.375259321144462,7.46196022450767,0.76576130750882,6.76510382963704,0.517462285861377,4.43382041099587,0.455007533279569,9.1779728651237,0.941861962543669,0,0,0,0,0,0,5.763,5.512,11.275,25.06,25.937,50.997,31.449,30.823,62.273
"27","BOL","AMR",2020,"Bolivia (Plurinational State of)",102.781284497268,20.1295845459498,79.2873591732211,21.3949210119465,126.102719729654,34.0275897209954,147.257345518017,28.8401648326925,112.714868087499,30.4150084546956,182.085139643474,49.133900040867,NA,NA,NA,NA,NA,NA,1801.059,1724.54,3525.599,4056.96,4090.47,8147.43,5815.01,5858.019,11673.029
"28","BRA","AMR",2020,"Brazil",50.9182885660313,3.61458452527071,33.3642978622263,3.17758203874407,69.0921469040848,6.58026630523663,64.217145274177,4.55864299649601,41.6580572275206,3.96747130605761,88.0575558400545,8.38651270194568,NA,NA,NA,NA,NA,NA,22492.872,21526.48,44019.352,81942.911,86597.146,168540.057,108123.626,104435.783,212559.409
"29","BRB","AMR",2020,"Barbados",2.40107735296881,0.183658228291388,0,0,4.96103074401081,0.379468872928047,2.88454302985711,0.220638481987594,0,0,6.02094240837696,0.460541437367578,0,0,0,0,0,0,24.484,23.681,48.165,114.6,124.606,239.206,148.287,139.084,287.371
"30","BRN","WPR",2020,"Brunei Darussalam",82.5403501393197,6.31350421243939,64.4667832167832,6.7678847863438,99.300841017327,10.4248516469696,105.924036030946,8.12796420130626,82.4817473502241,8.67856261090986,127.566613089444,13.422300985667,1.17750655307995,0.0903546680136059,2.42774810530094,0.255442744755513,0,0,50.295,47.369,97.664,176.692,163.127,339.819,210.496,226.987,437.483
"31","BTN","SEA",2020,"Bhutan",164.625852123067,20.9679155965529,180.889409065595,32.5682710579142,150.288205663542,27.0586710639475,211.494135373649,27.8995664681901,233.963784579532,43.6368715117588,192.297623761152,35.8656649154581,23.2285228486074,3.0642254738064,30.9771923077364,5.77759401078689,15.7210561809525,2.93215340925623,97.564,94.527,192.091,312.523,266.998,579.521,361.525,410.087,771.612
"32","BWA","AFR",2020,"Botswana",231.834649162616,28.7147507225826,174.30280662236,29.7887058575043,293.075028539621,50.0871213064363,348.120133962141,43.1177259496846,256.409656371196,43.8209342733869,450.019373413675,76.9092305773501,NA,NA,NA,NA,NA,NA,397.261,388.272,785.533,741.838,824.254,1566.092,1212.526,1139.099,2351.625
"33","CAF","AFR",2020,"Central African Republic",540.000000000099,107.933408027194,429.624085016689,119.138976577661,652.297547158929,180.888513709875,956.458707474611,191.173792472223,752.650660774382,208.717417324676,1168.48507760864,324.032383536307,NA,NA,NA,NA,NA,NA,1057.587,1045.376,2102.963,1336.455,1390.346,2726.801,2435.722,2394.042,4829.764
"34","CAN","AMR",2020,"Canada",5.90344897434837,0.45155437010201,5.19482061253238,0.558351155034979,6.62258640070244,0.711810674892309,7.00916229011598,0.536130298848809,6.13261949967436,0.659147916055566,7.90904856511365,0.850082559329459,NA,NA,NA,NA,NA,NA,3046.92,2907.002,5953.922,15685.258,16102.977,31788.235,19009.979,18732.178,37742.157
"35","CHE","EUR",2020,"Switzerland",4.66398401408358,0.35674778898326,4.00828256098987,0.429752682836043,5.32996649934974,0.571458565524909,5.23437215523252,0.419021556821128,4.43959615760459,0.497745155461867,6.05107253986642,0.678415769170304,1.42127305899674,0.113775641507149,1.45823195715334,0.163489620777665,1.38614129902533,0.155407179365553,663.713,630.901,1294.614,3629.935,3730.069,7360.004,4360.97,4293.648,8654.618
"36","CHL","AMR",2020,"Chile",14.5583258689001,1.11356523616002,10.6945650555449,1.12093272052375,18.5306623377757,1.9422599834128,18.0263708381381,1.37883573154254,13.1446861973155,1.37773801768108,23.121323690349,2.42342237685443,NA,NA,NA,NA,NA,NA,1871.435,1806.281,3677.716,7554.234,7884.259,15438.493,9690.54,9425.669,19116.209
"37","CHN","WPR",2020,"China",54.8104816858519,4.22174218140277,36.3050357580703,3.72711351746643,72.3841745902232,7.43103621667416,63.4366033325095,5.12403629914516,40.6105410661139,4.35062222240631,85.5102210538029,9.16074147729032,14.7339638049096,1.19012307407004,15.2032398023876,1.62872867980651,14.3244043596131,1.5345787151225,136126.399,118803.972,254930.371,602120.941,582272.462,1184393.403,701076.434,738247.34,1439323.774
"38","CIV","AFR",2020,"C<U+00F4>te d'Ivoire",132.440907870027,26.7690411868013,102.772968103667,28.6258502910196,161.612570719568,45.0147284828696,226.427507233445,45.7656728909255,176.140811271156,49.0613493667016,275.631385479385,76.7729386610727,NA,NA,NA,NA,NA,NA,5501.89,5447.329,10949.219,7798.49,7630.566,15429.056,13077.895,13300.38,26378.275
"39","CMR","AFR",2020,"Cameroon",171.056774544514,34.190440810628,133.522086499633,36.8636984478534,208.56803781962,57.5829022269218,295.250937024379,59.0140888222323,229.050334420709,63.2377959244081,362.232004774771,100.007509935184,NA,NA,NA,NA,NA,NA,5632.324,5533.911,11166.235,7644.751,7734.878,15379.629,13268.789,13277.075,26545.864
"40","COD","AFR",2020,"Democratic Republic of the Congo",319.060451566245,63.772947041578,271.831868949602,76.0249901853304,366.438039734999,102.484114471324,588.620193104959,117.65182496989,497.175117468574,139.048204951078,681.962688972367,190.728949244351,NA,NA,NA,NA,NA,NA,20686.119,20328.697,41014.816,24024.053,24522.535,48546.588,44851.232,44710.172,89561.404
"41","COG","AFR",2020,"Congo",371.970319401001,77.3720589596598,302.630147716495,87.5265680441588,441.429618184536,127.670094352037,633.359595812127,131.742597282374,511.719222266893,147.999225011798,756.924378428633,218.917360390944,NA,NA,NA,NA,NA,NA,1149.015,1128.317,2277.332,1607.663,1633.097,3240.76,2761.414,2756.678,5518.092
"42","COK","WPR",2020,"Cook Islands",13.1076537299823,1.00260343778715,0,0,0,0,0,0,0,0,0,0,0,0,0,0,0,0,2.65,2.478,5.128,6.255,6.179,12.434,8.657,8.905,17.564
"43","COL","AMR",2020,"Colombia",36.2451879416618,4.64868300718376,26.3551619160831,4.62675420364411,46.4969201239311,8.16272050708294,46.5778085265436,5.97390934646854,33.4879765893565,5.87894838019528,60.4640086273761,10.6146988197849,NA,NA,NA,NA,NA,NA,5771.394,5516.246,11287.64,19213.17,20382.074,39595.244,25898.32,24984.564,50882.884
"44","COM","AFR",2020,"Comoros",34.8991678620958,6.97557994372139,25.6082905710907,6.98364000975719,44.0267225386632,12.0065328127207,53.9194582641826,11.4175808947778,37.9530888321597,10.8927613692239,69.7894686157318,20.0299909996245,5.17419743733003,1.09564932045156,6.0217303280326,1.72827228326926,4.35662827675675,1.25037812872065,172.71,166.604,339.314,265.943,264.338,530.281,430.942,438.653,869.595
"45","CPV","AFR",2020,"Cabo Verde",39.3200470683395,5.04305376238468,25.9382424403854,4.45023596297963,52.5941709273172,9.02360564489994,53.0882346198028,7.00904315796748,33.8334092899904,5.93772689812818,72.3135160534508,12.6909441992247,4.05860488821571,0.535842584074749,5.47952459167028,0.961650665413171,2.67254566638928,0.469028886618597,79.034,77.095,156.129,200.083,199.776,399.859,276.871,279.117,555.988
"46","CRI","AMR",2020,"Costa Rica",10.3433146661733,1.32659812262296,6.32876178237766,1.07031689993769,14.3641171309346,2.42925201588925,12.612758020496,1.67451775626147,7.55909555109377,1.31948014704672,17.7387640806743,3.09639518106216,1.71666039648871,0.227910367480288,1.50649413463571,0.262966526730372,1.91726400283382,0.33466858188087,542.852,518.152,1061.004,2002.224,2030.886,4033.11,2549.038,2545.076,5094.114
"47","CUB","AMR",2020,"Cuba",6.22522855558819,0.485270241938354,2.85639090068454,0.277314291259125,9.64179991936023,0.936079480738748,7.28910891962468,0.577086273025283,3.22406837633479,0.31608167102714,11.466388353718,1.12414340157684,0.606746205157611,0.0480367230161611,0.832067276793395,0.0815743292500655,0.393583811526583,0.0385862253262692,926.641,876.638,1803.279,4696.827,4826.51,9523.337,5703.148,5623.468,11326.616
"48","CUW","AMR",2020,"Cura<U+00E7>ao",7.9779974071977,0.610236421840434,8.2062419502152,0.88226516595588,7.70994639165245,0.828907699042898,9.75027834932929,0.745798057852829,9.82330641522297,1.05611814972563,9.66050612195745,1.03861525027093,0,0,0,0,0,0,15.238,14.59,29.828,60.231,74.041,134.272,88.631,75.469,164.1
"49","CYM","AMR",2020,"Cayman Islands",3.49969567863664,0.267691461777113,0,0,7.08782742681048,0.54214739192579,4.60110426502361,0.35193812250924,0,0,9.41812374595635,0.720391583800495,0,0,0,0,0,0,8.029,7.705,15.734,24.421,25.567,49.988,33.272,32.45,65.72
"50","CYP","EUR",2020,"Cyprus",5.74815923464923,0.439676269677163,5.22415843876868,0.562792554728399,6.27244915765033,0.675723703102323,6.68160272122546,0.526789236447317,5.80998660265938,0.642501942730779,7.564213969288,0.836494557194725,1.05075324285867,0.0828432221421479,2.16622883329567,0.239554121029269,0,0,103.064,97.084,200.148,500.45,506.763,1007.213,603.847,603.514,1207.361
"51","CZE","EUR",2020,"Czechia",4.73615316289802,0.362268001733924,2.34255659817956,0.226847041361948,7.20417358656422,0.697633288706871,5.57281740552665,0.430003331101109,2.71109952648996,0.264376415968949,8.57077530565032,0.835790363003258,0.262534684051403,0.0202573995264451,0.26986338105849,0.0263160805379495,0.255593514712469,0.0249245358587317,866.54,820.719,1687.259,4405.982,4615.741,9021.723,5436.46,5272.522,10708.982
"52","DEU","EUR",2020,"Germany",6.24756730264278,0.477875954936026,4.39400166686872,0.456663469582085,8.14374512371515,0.846369934638228,7.26086418507448,0.555382957561017,5.07158335728031,0.527083744567814,9.53204099308351,0.990653905509825,NA,NA,NA,NA,NA,NA,6032.028,5660.521,11692.549,35383.883,36707.513,72091.396,42368.034,41415.911,83783.945
"53","DJI","EMR",2020,"Djibouti",219.886102484503,28.2018044212097,192.873268090956,34.5046119191786,244.297342031247,43.7042679014484,309.316179031926,39.6717859237558,272.701863328674,48.7857755350286,342.085751530683,61.1984035759709,NA,NA,NA,NA,NA,NA,148.359,137.294,285.653,370.634,331.715,702.349,469.009,518.993,988.002
"54","DMA","AMR",2020,"Dominica",47.1578625206428,3.67605866374316,37.2609870294811,4.02792156065396,57.3050415921385,6.19468862648541,62.0001402692549,4.8330467202647,48.4905078482213,5.24183543217403,76.1425317147935,8.23102578936343,0,0,0,0,0,0,8.794,8.44,17.234,26.752,28.005,54.757,36.445,35.546,71.991
"55","DNK","EUR",2020,"Denmark",4.85166830593349,0.37110374631052,3.56217977124001,0.372792912474042,6.15615091939308,0.64425985723663,5.43860624078327,0.442327215265174,4.14002164970079,0.463635725851754,6.76918509427888,0.758072375017093,1.83373147268371,0.14913919117253,0.471187405010134,0.0527676744274674,3.12445445190285,0.349903655166493,484.301,458.773,943.074,2395.06,2454.069,4849.129,2912.842,2879.361,5792.203
"56","DOM","AMR",2020,"Dominican Republic",40.4890354499934,5.19298414964383,29.6412794724979,5.19424853290645,51.3597994880339,9.00013656254657,55.8002560963637,7.15674854275963,40.5257097635366,7.10160331235201,71.3546805105692,12.5039792867888,NA,NA,NA,NA,NA,NA,1518.28,1458.313,2976.593,3899.926,3971.385,7871.311,5429.698,5418.206,10847.904
"57","DZA","AFR",2020,"Algeria",58.0108917333928,7.44027630102011,44.6602475231052,7.88017812772051,71.0863894009721,12.5429983487296,83.8108016749571,10.7492835024415,64.2220553604477,11.3318054430136,103.174345275282,18.2048301133919,NA,NA,NA,NA,NA,NA,6889.992,6608.9,13498.892,15263.816,15088.335,30352.151,21697.235,22153.808,43851.043
"58","ECU","AMR",2020,"Ecuador",47.1208827316347,6.04356179618873,28.5375436906965,4.81500463795132,65.6945466214674,11.0843298252609,64.8975851268879,8.32354029468241,38.9832489952401,6.57745903953484,91.2274553344518,15.3923766286544,NA,NA,NA,NA,NA,NA,2469.629,2363.146,4832.775,6354.198,6456.087,12810.285,8819.233,8823.827,17643.06
"59","EGY","EMR",2020,"Egypt",10.9501737445366,0.678923433486281,8.98345702754145,0.774106290465952,12.8761386571158,1.10953944576424,16.5713433624097,1.02744244936758,13.4617413587092,1.16000094779263,19.6767743476176,1.69555158463739,NA,NA,NA,NA,NA,NA,17869.409,16843.47,34712.879,33833.453,33788.071,67621.524,50631.541,51702.862,102334.403
"60","ERI","AFR",2020,"Eritrea",79.600803631823,26.1779411918475,65.4984497421218,29.9848861155705,93.634381147626,42.8653848490694,135.202733007655,44.463485695721,109.78851547241,50.2606725227678,161.173582479837,73.7845175652832,NA,NA,NA,NA,NA,NA,744.875,713.588,1458.463,1032.673,1055.291,2087.964,1768.879,1777.548,3546.427
"61","ESP","EUR",2020,"Spain",8.91370306283027,0.681808475784837,6.82316319348582,0.720622175756743,11.0768536885968,1.16987182913,10.4131400513509,0.796500298080527,7.90712122890849,0.835103417926216,13.0491405388296,1.3781731112374,NA,NA,NA,NA,NA,NA,3473.016,3259.425,6732.441,19505.322,20517.02,40022.342,23776.445,22978.338,46754.783
"62","EST","EUR",2020,"Estonia",10.4030111440372,0.795725536303089,5.10684259608098,0.497373412140273,16.2859452372163,1.58614564677988,12.3545953949002,0.952909617061843,5.82895317069709,0.569629558996886,19.8425007560894,1.9390917415339,0.525464464894404,0.0405290603226735,1.08276056868468,0.105811868302471,0,0,112.644,106.21,218.854,515.812,591.873,1107.685,698.083,628.456,1326.539
"63","ETH","AFR",2020,"Ethiopia",129.072694083644,21.2526799756279,116.601380224928,27.0244707935449,141.52881105306,32.8018520310008,214.826265122785,35.3725774101781,192.504646130417,44.6164202939766,237.48582496566,55.0416189609847,NA,NA,NA,NA,NA,NA,23239.887,22650.86,45890.747,34276.948,34795.888,69072.836,57446.748,57516.835,114963.583
"64","FIN","EUR",2020,"Finland",3.6114453036592,0.276239182208185,2.9893402157595,0.319258966246023,4.25083241655889,0.453985249267076,4.16910051897633,0.328185325283822,3.43210567774945,0.377291289877171,4.9371985713228,0.542746113393451,0.654121935154333,0.0514914953685546,0.535748393919489,0.0588948073195848,0.767118414177237,0.0843293077628215,449.735,429.306,879.041,2282.671,2379.006,4661.677,2808.312,2732.406,5540.718
"65","FJI","WPR",2020,"Fiji",66.2954868504587,8.44386792426903,55.8653753624331,9.92328334143323,76.4592964465567,13.5813508421538,68.7320723975438,11.196010500648,55.4573763779001,12.5505919194799,81.782844923352,18.5083244049052,60.3332271223989,9.82789287209822,56.8793369174372,12.8723966571531,63.6268025239347,14.3994196223366,133.123,126.944,260.067,320.895,315.482,636.377,442.426,454.018,896.444
"66","FRA","EUR",2020,"France",7.65685780780418,0.585672478412153,5.22602719454127,0.542131525519525,10.2489108484231,1.06318958289633,9.29835805720335,0.711230709152692,6.27526673278676,0.650976315324405,12.5983809222722,1.30691617441287,NA,NA,NA,NA,NA,NA,5891.064,5632.098,11523.162,25698.131,28052.219,53750.35,33684.317,31589.195,65273.512
"67","FSM","WPR",2020,"Micronesia (Federated States of)",74.6743763639169,9.57747627758592,57.791700699568,10.1949427942101,90.9972793177123,16.0526865595386,95.5493944093212,13.7924688305889,66.943594955144,13.0603401544268,123.408924597279,24.0764263468737,28.6244717401893,4.13191665639817,37.3610856306228,7.28894955822963,20.3122144559106,3.96280525809247,18.385,17.492,35.877,40.095,39.049,79.144,56.541,58.48,115.021
"68","GAB","AFR",2020,"Gabon",516.753150113334,103.286939668845,404.163662788845,111.290325761669,625.369197168173,172.20138295936,823.695192329224,164.637517191656,647.63775508044,178.33324312511,991.792131606859,273.099438610476,NA,NA,NA,NA,NA,NA,418.539,410.857,829.396,714.315,682.017,1396.332,1092.874,1132.854,2225.728
"69","GBR","EUR",2020,"United Kingdom of Great Britain and Northern Ireland",7.08945838084681,0.542272139504607,5.71245406971704,0.607653393537092,8.4993529907808,0.904105420312535,8.61178785063947,0.658715006401976,6.88771885677645,0.732670352526255,10.4038921222721,1.10669780044387,NA,NA,NA,NA,NA,NA,6140.283,5860.113,12000.396,27402.132,28483.476,55885.608,34343.589,33542.415,67886.004
"70","GEO","EUR",2020,"Georgia",68.9235456954674,6.07850701544575,45.310928217988,5.39508225140281,94.8551769193393,11.2942175668792,86.392385162752,7.6191193298898,55.6255402376271,6.62322262340184,121.706705599068,14.4913757691145,NA,NA,NA,NA,NA,NA,419.458,387.167,806.625,1481.769,1700.781,3182.55,2087.948,1901.227,3989.175
"71","GHA","AFR",2020,"Ghana",140.073412643251,43.4738803669339,119.489218197314,51.7984429375089,160.099477403547,69.4029450499749,222.802570673366,69.1501129309133,189.226537712532,82.0294932366152,255.753657059623,110.868925340076,NA,NA,NA,NA,NA,NA,5890.642,5647.1,11537.742,9859.357,9675.846,19535.203,15322.946,15749.999,31072.945
"72","GIN","AFR",2020,"Guinea",175.408508539596,35.0602534144939,137.872745352651,38.2981683501214,215.46305140708,59.8511344277117,307.998764808712,61.5620920299139,235.295134240127,65.3600727253489,390.359460849824,108.433703198191,NA,NA,NA,NA,NA,NA,2846.499,2807.031,5653.53,3506.735,3972.527,7479.262,6779.558,6353.234,13132.792
"73","GMB","AFR",2020,"Gambia",153.461226145381,21.6107324559443,86.6455936643818,15.8475757635485,221.368618055776,40.4885672536291,273.794692950787,38.5563442039197,152.511649712348,27.894550910484,400.488980154462,73.2498813505522,NA,NA,NA,NA,NA,NA,536.052,526.078,1062.13,662.488,692.046,1354.534,1218.124,1198.54,2416.664
"74","GNB","AFR",2020,"Guinea-Bissau",361.234317009194,72.2025026345847,275.947472835478,76.1870681415785,450.295878883275,124.323381025511,622.037319527278,124.331075668083,465.803752619708,128.604990931006,792.039712053202,218.676340438931,NA,NA,NA,NA,NA,NA,415.377,409.75,825.127,547.318,595.553,1142.871,1005.303,962.695,1967.998
"75","GNQ","AFR",2020,"Equatorial Guinea",274.871521257669,54.9406167442469,244.118083003065,67.5077400034331,299.407317183382,82.7972720205549,434.781348369844,86.902984052474,412.965710713485,114.200396325531,450.253659303932,124.511902575864,NA,NA,NA,NA,NA,NA,261.447,254.562,516.009,518.933,368.043,886.976,622.605,780.38,1402.985
"76","GRC","EUR",2020,"Greece",4.53600789630266,0.346958905380658,2.23736959732504,0.216671443933431,6.92064766698349,0.670209662611233,5.05973508205394,0.401538820659793,2.35897650918755,0.234779279521797,7.90616915176307,0.786868665287252,1.22456868343207,0.0971813458586497,1.42255213697738,0.141580793408056,1.03870396354703,0.103377955332838,734.151,689.213,1423.364,4381.675,4618.017,8999.692,5307.23,5115.826,10423.056
"77","GRD","AMR",2020,"Grenada",2.72069894862001,0.212084461648013,5.4810005729285,0.427256038890887,0,0,3.56940855826707,0.278243240717924,7.15107395640579,0.557441929037649,0,0,0,0,0,0,0,0,13.71,13.044,26.754,42.956,42.809,85.765,55.853,56.666,112.519
"78","GRL","EUR",2020,"Greenland",149.897836961883,11.4656709392199,124.337332589286,13.2765187612427,175.972385324366,18.7900176605598,170.667182862305,13.9636675321806,141.032689136043,16.1145556634908,201.339344334048,23.0052627614018,55.9392937056134,4.57684767621904,45.771144278607,5.22986306775869,65.6642558051009,7.50287264431502,5.254,5.025,10.279,22.847,23.647,46.494,28.672,28.101,56.772
"79","GTM","AMR",2020,"Guatemala",26.8887962910928,3.44866461508248,21.7659094521285,3.8863737509449,32.1633592170384,5.74287214040974,40.3387074815386,5.17370400681819,32.0794161716779,5.72788383731215,49.1571071402084,8.7771609673498,NA,NA,NA,NA,NA,NA,3051.556,2921.932,5973.488,5775.553,6166.526,11942.079,9088.458,8827.109,17915.567
"80","GUM","WPR",2020,"Guam",38.8368496827287,2.97062752484593,16.4986908647466,1.54453861852481,60.7822410147992,5.69017986563031,51.0065129597784,3.90148409519714,21.5429766773861,2.01676361530598,80.2885734233186,7.51628133984586,0,0,0,0,0,0,20.685,19.585,40.27,64.455,64.058,128.513,83.643,85.14,168.783
"81","GUY","AMR",2020,"Guyana",77.2218094257809,9.90420105313491,38.6227969321713,6.25904064091666,115.377890910316,18.6976336679902,105.394725286901,13.7034708941427,51.3106422561276,8.39663035633728,159.632783269717,26.1227966545098,3.80408989189238,0.494609525954411,4.67962054243148,0.765787411246587,2.97045639617605,0.486094565408202,111.737,106.39,218.127,283.812,284.62,568.432,391.01,395.549,786.559
"82","HKG","WPR",2020,"China, Hong Kong SAR",56.2499233025316,4.30255197936435,33.3349576652316,3.39435858784532,83.2794558100838,8.47999685071983,62.6336659996665,4.91808885054815,35.9387980260612,3.74649637355344,95.3933063479115,9.94442485345668,25.8651627049203,2.03097114445384,26.2888980711486,2.74052741599351,25.4839411844776,2.65661342269321,500.114,449.937,950.051,2939.552,3607.385,6546.937,4057.322,3439.666,7496.988
"83","HND","AMR",2020,"Honduras",29.4648809388143,3.77906432395429,21.8910756737118,3.84611373690095,37.0491664375163,6.50928762478209,42.4493751048191,5.44441090279289,31.2306217198521,5.48700872442388,53.9071251050849,9.47111679087031,NA,NA,NA,NA,NA,NA,1547.625,1482.015,3029.64,3401.255,3473.713,6874.968,4955.728,4948.88,9904.608
"84","HRV","EUR",2020,"Croatia",6.60939181955633,0.505551884754822,4.98478228654903,0.526751770231288,8.35440007328784,0.882825923952515,7.7080016408359,0.591572931104952,5.72136410382986,0.6060978339543,9.88987228406939,1.04769248393868,0.153036158843949,0.0117452036559945,0.315385370800225,0.0334106319111787,0,0,307.299,289.671,596.97,1671.993,1836.305,3508.298,2125.976,1979.292,4105.268
"85","HTI","AMR",2020,"Haiti",164.309661693164,20.9777682529171,146.852735149112,26.3974544502461,182.230879074295,32.7568385083707,243.327660764711,31.0661663133283,214.387363046585,38.5371143750522,273.917990778631,49.2380184634617,NA,NA,NA,NA,NA,NA,1883.31,1819.538,3702.848,3743.135,3956.55,7699.685,5776.088,5626.445,11402.533
"86","HUN","EUR",2020,"Hungary",4.57126294595951,0.349655561472,3.38498422184477,0.357312902266197,5.87718733580846,0.620385421759924,5.27125910224961,0.408481907303291,3.8558256496228,0.412320321453479,6.86894526161207,0.734526396075845,0.413096376462271,0.0320117817174597,0.339339645050731,0.0362870742205147,0.483098552104629,0.0516598436749797,714.14,677.787,1391.927,3884.148,4384.275,8268.423,5062.062,4598.288,9660.35
"87","IDN","SEA",2020,"Indonesia",310.860327076057,14.9811766075148,265.484687508941,17.8887171676997,355.605962625088,23.9612105249331,368.876669526289,20.0379082988738,307.557439295174,23.3094112190877,430.059584101737,32.5937025536112,145.186327175919,7.88672895452396,142.550752167123,10.803751356067,147.69948736003,11.1939678507312,36313.89,34627.215,70941.105,101403.971,101178.545,202582.516,135805.76,137717.861,273523.621
"88","IND","SEA",2020,"India",205.33091606012,33.278079297806,167.516761150246,37.5281370068581,240.287126515525,53.8306026390459,246.133909984315,44.6933706279997,194.03804134722,48.4755330046998,294.636356405089,73.6074963452212,90.1628085196979,16.3719002322314,91.5899832924317,22.8814578170642,88.8697464635625,22.2018749411348,189408.211,171609.375,361017.586,527692.759,491294.04,1018986.799,662903.415,717100.97,1380004.385
"89","IRL","EUR",2020,"Ireland",5.33335115504974,0.407947631057495,4.04146220649279,0.425408762176465,6.64373715087188,0.699327088358668,6.58903617985109,0.515165741432591,4.82898055792099,0.517276136350975,8.40527481662576,0.900365621679824,0.561434583275388,0.0438959288527537,0.921877893448628,0.0987507464962306,0.218972302410902,0.023456119816675,527.484,501.17,1028.654,1923.865,1985.277,3909.142,2486.447,2451.349,4937.796
"90","IRN","EMR",2020,"Iran (Islamic Republic of)",12.362758650533,1.58560507492689,10.9948011502833,1.98020171195929,13.7041411340704,2.46816321311266,16.427757269779,2.10696787286271,14.5301440903575,2.61692920221661,18.3088703279619,3.29749086608417,NA,NA,NA,NA,NA,NA,10665.826,10117.975,20783.801,31742.58,31466.572,63209.152,41584.547,42408.406,83992.953
"91","IRQ","EMR",2020,"Iraq",26.162974714907,1.76114475877455,23.6649878439891,2.24015018770487,28.6004618632781,2.70734683803111,42.0044092345675,2.82750130575673,37.6324324614674,3.56232173868451,46.3522297553621,4.38774601836054,NA,NA,NA,NA,NA,NA,7796.53,7372.881,15169.411,12561.248,12491.844,25053.092,19864.725,20357.778,40222.503
"92","ISL","EUR",2020,"Iceland",2.83886253895585,0.217144384439297,2.63252288784213,0.283929347104622,3.04332424102644,0.328236107185606,3.52319311560545,0.269488779344103,3.2513860096246,0.35067649788015,3.79513271395516,0.409322007654774,0,0,0,0,0,0,33.955,32.328,66.283,137.45,137.517,274.967,169.845,171.405,341.25
"93","ISR","EUR",2020,"Israel",2.09923331193278,0.160570200123146,1.56069433301192,0.163661844582996,2.64268588805736,0.277124634814456,2.83503520822381,0.22240913094592,2.06459619112712,0.22170562203845,3.63132556241599,0.389948066406168,0.190973988097339,0.0149819510540105,0.196167233419391,0.0210653195504854,0.186048618548562,0.0199787371893701,1236.236,1172.469,2408.705,3071.881,3174.955,6246.836,4347.424,4308.117,8655.541
"94","ITA","EUR",2020,"Italy",6.61703947456027,0.506136853304807,7.51096613781176,0.801661138187106,5.67493974113453,0.605698197615168,7.60468138059527,0.581681508650199,8.56255816968044,0.913899756989073,6.5782170686287,0.70210687756011,NA,NA,NA,NA,NA,NA,4042.194,3810.158,7852.352,25395.531,27213.945,52609.476,31024.103,29437.725,60461.828
"95","JAM","AMR",2020,"Jamaica",2.31794629311771,0.297291868375047,1.43337582237836,0.243270867471556,3.21568563797619,0.545762404006697,2.67732467962461,0.384678743471478,1.46475765008431,0.272311505112784,3.92797267106656,0.730245136482783,1.13876478284256,0.163618035984663,1.32677944148378,0.246660126091406,0.957795625966676,0.178062745384818,352.439,339.232,691.671,1117.202,1152.288,2269.49,1491.52,1469.641,2961.161
"96","JOR","EMR",2020,"Jordan",4.63344274078897,0.594269520058546,5.57018427244467,0.993118753920017,3.72005964141201,0.66325651269088,6.479767308787,0.883178530687048,7.98705762561985,1.50314909417666,5.00114792577661,0.941206552756174,0.85995154649571,0.117209570514394,0.584288106194846,0.109961913226689,1.12543907137958,0.211805498343821,1707.578,1644.544,3352.122,3458.401,3392.617,6851.018,5037.161,5165.979,10203.14
"97","JPN","WPR",2020,"Japan",12.1338602928082,0.928118053619961,9.68051027483934,1.02998201553964,14.7052182954225,1.5645983474896,13.8591209811861,1.06008311283804,10.9800453008717,1.1682492832121,16.920283542774,1.80027573465674,NA,NA,NA,NA,NA,NA,8084.204,7660.291,15744.495,53668.841,57063.122,110731.963,64723.413,61753.045,126476.458
"98","KAZ","EUR",2020,"Kazakhstan",67.8332089343749,13.5583678291767,62.939658488395,17.773243097358,73.0225486420418,20.6205044605216,95.7341365542155,19.1351501366599,86.7862168122173,24.5071639400134,105.694600101249,29.8466160572496,NA,NA,NA,NA,NA,NA,2816.969,2655.348,5472.317,6295.97,7008.42,13304.39,9663.768,9112.939,18776.707
"99","KEN","AFR",2020,"Kenya",228.606332057203,54.2993270722866,153.996643736902,49.2365068820319,304.149379835618,97.2440221426308,372.260001075901,88.4204185091958,248.502570051125,79.4523711921188,499.884349616818,159.825296336836,NA,NA,NA,NA,NA,NA,10461.92,10288.213,20750.133,16256.607,16764.56,33021.167,27052.773,26718.527,53771.3
"100","KGZ","EUR",2020,"Kyrgyzstan",103.103099111127,8.03711142322947,87.933164631846,9.60279858989105,118.600431393014,12.9518374564315,153.083001080518,11.9331537780488,128.419445935303,14.024129343066,179.142298548832,19.5633515420136,NA,NA,NA,NA,NA,NA,1090.669,1039.407,2130.076,2136.601,2257.514,4394.115,3296.921,3227.27,6524.191
"101","KHM","WPR",2020,"Cambodia",268.65057271006,53.6971941989005,216.18308306733,60.1799352534623,323.651457385989,90.0964287946221,388.925547447395,77.7374506948685,306.986770267431,85.4573988687618,478.320333853043,133.152355463103,NA,NA,NA,NA,NA,NA,2639.388,2530.943,5170.331,5523.036,6025.604,11548.64,8556.547,8162.424,16718.971
"102","KIR","WPR",2020,"Kiribati",416.359019943765,53.4006559083852,402.195921775074,72.9389491240564,430.994189238261,78.1615663900094,523.146983187817,80.9933233158798,479.374065470622,104.831709069096,570.760656858979,124.816546070729,225.825357639484,34.9621555547658,254.367212840722,55.6261833377585,198.910956953569,43.4987561322088,22.08,20.821,42.901,36.664,39.881,76.545,60.702,58.744,119.446
"103","KNA","AMR",2020,"Saint Kitts and Nevis",4.3239584899985,0.33073926226485,0,0,8.75723423697837,0.669840193359422,5.68476729528659,0.434827426243651,0,0,11.6361428715977,0.890047700009707,0,0,0,0,0,0,6.498,6.237,12.735,19.766,20.693,40.459,26.93,26.264,53.192
"104","KOR","WPR",2020,"Republic of Korea",52.7433799754523,4.03433679938612,42.993752432325,4.57247450185271,62.4692562940096,6.64373462176104,60.307652863645,4.61292741090244,48.9658536008654,5.20761981415405,71.7116804593225,7.62668554928758,NA,NA,NA,NA,NA,NA,3307.895,3122.7,6430.595,22357.959,22480.629,44838.588,25603.329,25665.854,51269.183
"105","KWT","EMR",2020,"Kuwait",18.6076168411519,1.42329518223859,17.776521827866,1.86149806863691,19.1340727634076,2.00365627422162,23.2468208921448,1.81190878006272,23.3488125809087,2.48933600068668,23.1876574954032,2.47215443504379,1.63110600988919,0.127132020083225,1.62432819904377,0.173177914242902,1.63696074344453,0.174524734234203,491.765,424.791,916.556,2122.681,1231.326,3354.007,1656.117,2614.446,4270.563
"106","LAO","WPR",2020,"Lao People's Democratic Republic",149.239758532905,29.829714204017,106.844325454549,29.0310276304772,191.30975463972,51.9814107983499,219.300155746141,43.833232076434,155.934586987044,42.3695061399742,283.042925417855,76.9065362475644,NA,NA,NA,NA,NA,NA,1183.533,1140.808,2324.341,2468.261,2482.954,4951.215,3623.762,3651.794,7275.556
"107","LBN","EMR",2020,"Lebanon",12.6981760748597,0.97128252387441,15.1547957621448,1.61186954457219,10.2744829591545,1.09279771420313,15.8389938481269,1.29307475460024,18.977473448929,2.1473166844644,12.6736653211976,1.43403562496152,3.31017706454123,0.270238528814201,3.20634692395756,0.362800784020263,3.40608864269176,0.385401723306296,889.443,821.61,1711.053,2546.303,2568.086,5114.389,3389.696,3435.746,6825.442
"108","LBR","AFR",2020,"Liberia",308.289401518478,61.6200679116537,246.938178776446,68.4019744670114,368.979440752862,102.207452935329,517.023025015335,103.341190960222,410.085285658542,113.593788444949,624.905657996388,173.099117659149,NA,NA,NA,NA,NA,NA,1041.281,1000.615,2041.896,1501.258,1514.523,3015.781,2515.138,2542.539,5057.677
"109","LBY","EMR",2020,"Libya",58.76129691736,12.8728831676739,47.0082402606532,14.2593792852491,70.2900934007134,21.3216469333632,81.369652430887,17.8257132515328,64.6693582866763,19.6166651384999,97.9660662482227,29.7168174764991,NA,NA,NA,NA,NA,NA,979.938,929.232,1909.17,2488.799,2473.318,4962.117,3402.55,3468.737,6871.287
"110","LCA","AMR",2020,"Saint Lucia",2.19643922516048,0.171217264359475,1.08181235979324,0.106669508287191,3.34539662756569,0.329864795921045,2.67699823102242,0.208677894912993,1.31058508415,0.129227093062171,4.10288430254103,0.40455504797055,0,0,0,0,0,0,16.694,16.27,32.964,73.728,76.937,150.665,93.207,90.422,183.629
"111","LKA","SEA",2020,"Sri Lanka",63.1482620165401,9.14835330737267,38.0639311568267,7.30794021176788,90.3789876676793,17.3519712284644,82.7466911424506,11.9875977804251,49.1086083700047,9.42842115735473,120.47576709301,23.1302883366183,NA,NA,NA,NA,NA,NA,2564.949,2506.747,5071.696,7702.402,8639.152,16341.554,11145.899,10267.351,21413.25
"112","LSO","AFR",2020,"Lesotho",637.39602463211,137.989637874571,387.138692459368,110.628097378077,894.366347846775,255.572613506341,940.639203269825,203.638645384939,567.531634012718,162.176878972871,1328.97583488914,379.765884782128,NA,NA,NA,NA,NA,NA,345.65,344.969,690.619,711.3,740.333,1451.633,1085.302,1056.95,2142.252
"113","LTU","EUR",2020,"Lithuania",29.0637554912388,2.22308437654263,13.054741011445,1.25421310866828,47.6433487012168,4.57725759779789,33.7362708045769,2.62969527327895,14.5423744989502,1.41715657482907,56.8621739097105,5.54122737115852,3.54807703717768,0.276567658231801,3.92790225622609,0.38277466366298,3.1883776702663,0.310707881906237,216.411,204.944,421.355,1043.576,1257.36,2300.936,1462.304,1259.987,2722.291
"114","LUX","EUR",2020,"Luxembourg",5.87881963525758,0.449670473821375,0.743400702675273,0.0605191704244895,10.8974784182547,0.887147874918855,6.96193072500563,0.532517559996158,0.878536587229134,0.0715203863210416,12.9315191723828,1.05273617555731,0,0,0,0,0,0,49.797,47.59,97.387,266.79,261.799,528.589,309.389,316.587,625.976
"115","LVA","EUR",2020,"Latvia",22.9197687380355,1.75313133400465,12.9187002177469,1.30094586483399,34.6180609311023,3.48612650327012,26.9214025116365,2.09748131078783,14.589793791447,1.49085824976439,42.0208435734767,4.29390039359586,2.5687365944661,0.20013359247909,3.20144541521627,0.327139737317164,1.98136438060441,0.202465742479863,160.729,149.212,309.941,708.607,867.654,1576.261,1016.866,869.336,1886.202
"116","MAC","WPR",2020,"China, Macao SAR",64.2881563182422,4.91739567664659,44.3301842593746,4.61321716493554,85.8538929830183,8.93437867229354,74.4426243362649,5.74136165035975,50.0315159155374,5.23461657972714,101.412853828482,10.61046015364,3.70135931079617,0.285466056451945,7.61152539381371,0.796366376160471,0,0,47.883,45.326,93.209,264.217,291.916,556.133,337.242,312.1,649.342
"117","MAR","EMR",2020,"Morocco",95.7474755540366,7.46372464299256,75.9312051715094,8.2065714019262,115.863186915894,12.5223814653317,130.74540497052,10.1918896074265,102.429653613739,11.0704981457494,160.208323166625,17.3151610102863,NA,NA,NA,NA,NA,NA,5070.054,4810.164,9880.218,13246.833,13783.507,27030.34,18593.671,18316.887,36910.558
"118","MCO","EUR",2020,"Monaco",0,0,0,0,0,0,0,0,0,0,0,0,0,0,0,0,0,0,3.143,2.975,6.118,16.139,16.987,33.126,19.962,19.282,39.244
"119","MDA","EUR",2020,"Republic of Moldova",72.7559075531931,5.67148202717393,40.1245117564,4.07058680624933,108.259628543723,10.9828181405657,86.499148727025,6.74279771731934,47.0990870563256,4.77814966377223,130.53292500949,13.2424191364774,NA,NA,NA,NA,NA,NA,329.656,311.272,640.928,1602.297,1790.738,3393.035,2102.01,1931.953,4033.963
"120","MDG","AFR",2020,"Madagascar",233.074579197921,46.5863784479494,188.778977643179,52.4410332276488,277.568277172091,77.1058696675213,388.86299047981,77.72498614493,312.506126521187,86.8112772372224,466.778106946519,129.666589584934,NA,NA,NA,NA,NA,NA,5599.795,5493.932,11093.727,8214.824,8382.468,16597.292,13876.4,13814.619,27691.019
"121","MDV","SEA",2020,"Maldives",36.7084060545842,4.70809375487536,32.844414845485,5.63027679796789,38.9350505945312,6.67434974930691,44.3770887582076,5.85340007512126,41.819887213039,7.32721486195758,45.6752191936404,8.0027031922378,5.25107091910084,0.69262359862773,7.23243773970942,1.26718718834944,3.39235927677709,0.594371409546764,54.665,51.281,105.946,288.263,146.333,434.596,197.614,342.928,540.542
"122","MEX","AMR",2020,"Mexico",23.4533579864018,3.00804716256596,17.5236236736225,3.09303285695759,29.64537659229,5.23260060616672,31.6233302962,4.05589975744725,23.2778844835478,4.10869708737547,40.6101117830581,7.16794724705211,NA,NA,NA,NA,NA,NA,17029.309,16280.814,33310.123,46042.177,49580.453,95622.63,65861.267,63071.486,128932.753
"123","MHL","WPR",2020,"Marshall Islands",482.641900971237,61.4725807689357,517.489213392153,93.0379819466078,448.485858967315,80.6320560314556,432.158200968897,75.2391184623475,456.396445351152,112.173359312399,408.026355979865,100.28493320767,604.1632657169,105.185349758396,668.742381159538,164.363855532489,543.303063888592,133.533313902591,8.943,8.428,17.371,20.958,20.866,41.824,29.294,29.901,59.194
"124","MKD","EUR",2020,"North Macedonia",11.6483455286496,1.49397690131466,7.82318027433896,1.34804138466625,15.47027338214,2.66574053261064,12.9451535882867,1.78011112942407,8.12684788169278,1.48334314206023,17.8219610332422,3.25293201762478,4.99424092628374,0.686766966129098,6.20118653888183,1.13186411988932,3.86566983359964,0.705576740282821,175.603,164.2,339.803,866.528,877.049,1743.577,1041.249,1042.131,2083.38
"125","MLI","AFR",2020,"Mali",51.1554905153766,9.94214699278457,38.2976766383628,10.205222392781,63.9632250485037,17.044348218388,96.5330958710351,18.7613532613847,71.3240426424349,19.0057930665467,122.317450235247,32.5940603122178,NA,NA,NA,NA,NA,NA,4839.978,4679.393,9519.371,5305.196,5426.267,10731.463,10105.66,10145.174,20250.834
"126","MLT","EUR",2020,"Malta",36.4633701666218,2.78908028010995,13.5031855146884,1.23544118839917,59.2886474017356,5.42447090909792,40.2914707332913,3.25202149311709,14.3814845086401,1.38157815539137,66.3160208593065,6.37074466941522,13.6594305217369,1.10248548469403,8.07709866602451,0.775938191166293,18.8784113054715,1.81358194645785,32.801,30.666,63.467,188.619,189.453,378.072,220.119,221.42,441.539
"127","MMR","SEA",2020,"Myanmar",385.794474722445,59.1668054017646,274.465798469389,57.5733497586914,505.485113784094,106.033142985389,451.577076698176,78.5642771680847,302.562683218037,71.4436011431836,616.582462338501,145.59254645243,193.460301341547,33.6577508467667,187.536515405956,44.2826718217274,199.303316358411,47.0611461036091,6980.923,6885.738,13866.661,19239.267,21303.866,40543.133,28189.604,26220.19,54409.794
"128","MNE","EUR",2020,"Montenegro",15.5237475364785,1.21011020028784,8.44480102124835,0.848965861720757,22.7607926437161,2.28816947748089,18.9417285280744,1.47654932219452,10.1873000678035,1.0241413573759,28.1017581669983,2.82510307561839,0,0,0,0,0,0,59.025,54.307,113.332,251.538,263.192,514.73,317.499,310.563,628.062
"129","MNG","WPR",2020,"Mongolia",428.134440056482,123.388527457335,257.516096666082,97.79517825227,603.846278283988,229.31869186541,621.321213577145,179.06503763438,369.304699598159,140.248393767146,887.230860391282,336.937773079832,NA,NA,NA,NA,NA,NA,515.849,503.467,1019.316,1099.19,1159.786,2258.976,1663.253,1615.039,3278.292
"130","MNP","WPR",2020,"Northern Mariana Islands",81.9187935437914,6.26596141043321,56.5249447038585,5.82850676389747,106.800123826231,11.0125759055149,113.116608468991,8.86581642147873,79.3572555205047,8.42301439649557,146.726862302483,15.5736544241642,6.80876258140912,0.533654959437321,0,0,13.2259919493962,1.4038126680038,8.695,8.195,16.89,20.378,20.288,40.666,28.483,29.073,57.557
"131","MOZ","AFR",2020,"Mozambique",360.987356153172,79.0313811954464,308.399039812021,94.7862708033523,416.619033982528,128.047624924414,645.343919101587,141.285893822386,538.583940450741,165.533470081546,763.924094406886,234.791639201577,NA,NA,NA,NA,NA,NA,6905.072,6866.946,13772.018,8283.163,9200.254,17483.417,16067.2,15188.235,31255.435
"132","MRT","AFR",2020,"Mauritania",85.1274491699403,17.015102304946,65.6217973140542,18.0674190166479,104.463504894647,28.7615699680783,141.138329785684,28.2104437977289,107.957193492079,29.723474981155,174.545460422772,48.0569886834926,NA,NA,NA,NA,NA,NA,937.521,907.701,1845.222,1397.46,1406.978,2804.438,2314.679,2334.981,4649.66
"133","MSR","AMR",2020,"Montserrat",5.82621463896876e-06,1.16453337316681e-06,0,0,0,0,0,0,0,0,0,0,0,0,0,0,0,0,0.611,0.586,1.197,1.858,1.946,3.804,2.532,2.469,4.999
"134","MUS","AFR",2020,"Mauritius",12.1519201514354,1.55856365316143,7.36229830808514,1.24574330044292,17.0698316204648,2.88831387849775,14.1692320486939,1.87205175950816,8.50693579865311,1.48200910157605,20.0598231023906,3.49465907788504,2.15046196483468,0.284120980670595,1.46175863740086,0.254655689922858,2.81317051488908,0.490087665644671,108.784,104.678,213.462,518.696,539.609,1058.305,644.287,627.48,1271.767
"135","MWI","AFR",2020,"Malawi",138.455295577935,37.8582713794255,116.459129402898,44.5528270534574,161.062056983209,61.6162082478045,242.870179645198,66.408764883985,201.035135368748,76.9083854883198,287.300120004315,109.910082830065,NA,NA,NA,NA,NA,NA,4145.263,4079.098,8224.361,5288.774,5616.82,10905.594,9695.918,9434.037,19129.955
"136","MYS","WPR",2020,"Malaysia",90.5546356336983,7.05893151850419,71.4041478614258,7.66581076956193,108.673802023035,11.6670085263698,118.291836184343,9.22110684869958,93.2251304808668,10.0084691245243,142.033555966891,15.2484469821447,NA,NA,NA,NA,NA,NA,3906.118,3683.097,7589.215,12724.695,12052.088,24776.783,15735.185,16630.813,32365.998
"137","NAM","AFR",2020,"Namibia",451.10376104661,71.0672968620866,325.20757054045,70.1732861342201,584.92670671116,126.21547859226,714.237408558453,112.521611050781,506.179622399106,109.223433571654,943.406032375697,203.568143695519,NA,NA,NA,NA,NA,NA,468.02,468.084,936.104,763.663,841.149,1604.812,1309.233,1231.683,2540.916
"138","NCL","WPR",2020,"New Caledonia",10.3005675162752,0.787889631121567,9.00448344449594,0.965861226048564,11.5830583217509,1.24245071702329,13.2244426891618,1.01153662219961,11.5064491597609,1.23423327516976,14.9403669422087,1.60257067730385,0,0,0,0,0,0,32.246,30.875,63.121,111.252,111.118,222.37,141.993,143.498,285.491
"139","NER","AFR",2020,"Niger",81.5507420490392,16.3001981362054,59.4414753240774,16.2003340877361,103.417129872562,28.1855732078654,162.038455148849,32.3879201862147,116.695823366624,31.8045828249654,207.975546397042,56.6821956444069,NA,NA,NA,NA,NA,NA,6118.475,5905.441,12023.916,6051.69,6131.03,12182.72,12036.471,12170.165,24206.636
"140","NGA","AFR",2020,"Nigeria",219.045602705047,43.0371553790571,160.977830208609,43.1271987313388,275.557214077107,73.8238968555924,387.606347712554,76.1552590255659,282.918248970459,75.7959747144039,490.87366428423,131.508829781918,NA,NA,NA,NA,NA,NA,45824.482,43820.702,89645.184,58645.155,57849.248,116494.403,101669.95,104469.637,206139.587
"141","NIC","AMR",2020,"Nicaragua",41.4143591565628,5.31166295105042,32.3970047549831,5.7547816592082,50.6937012240701,9.00488129220608,58.7443073091404,7.5343423651561,45.1958986747141,8.02828936599983,73.1689468501619,12.9972297297677,NA,NA,NA,NA,NA,NA,1002.861,951.425,1954.286,2261.988,2408.28,4670.268,3359.705,3264.849,6624.554
"142","NIU","WPR",2020,"Niue",47.6190476405563,9.51800387345533,0,0,93.960511076122,18.7806466673789,67.2317793040315,13.4381590464666,0,0,133.763227573646,26.7363372695325,0,0,0,0,0,0,0.244,0.228,0.472,0.576,0.57,1.146,0.798,0.82,1.618
"143","NLD","EUR",2020,"Netherlands",4.12083591165222,0.315202431533966,3.55791669613182,0.381483856154967,4.68774982737203,0.50262584359547,4.73712668084055,0.373722571997187,3.96047510334075,0.436504054476289,5.52811759071891,0.60928188639162,0.812127875387991,0.0640705935959383,1.31733591149335,0.145190274265081,0.33309147995441,0.0367117019341853,1381.002,1309.461,2690.463,7156.143,7288.267,14444.41,8597.728,8537.145,17134.873
"144","NOR","EUR",2020,"Norway",3.05465057638084,0.233649995267886,3.47411421276348,0.372903652191943,2.64417698941928,0.283820046207408,3.40972955572305,0.281419835504553,3.92570270752212,0.453625825727385,2.90128975718573,0.335252070732705,1.35214724188685,0.111598602813249,1.26399739726449,0.146058401710527,1.43557692507745,0.165884891585303,480.643,454.906,935.549,2259.34,2226.353,4485.693,2681.259,2739.983,5421.242
"145","NPL","SEA",2020,"Nepal",230.799366601584,53.9196417033493,142.225828289741,44.5942775802248,335.563113122968,105.214325641368,324.200660091204,75.7401707357506,192.916229212766,60.4880279390499,492.076600713543,154.288435418703,NA,NA,NA,NA,NA,NA,4245.701,4148.531,8394.232,9102.734,11639.842,20742.576,15788.373,13348.435,29136.808
"146","NRU","WPR",2020,"Nauru",180.450433819457,13.8026352240404,252.464379492919,25.4895211565855,109.89010989011,11.0948177583287,255.355276907001,19.5320990095681,354.402078675449,35.7814409323003,156.773120025661,15.8282596844126,0,0,0,0,0,0,1.637,1.542,3.179,3.837,3.819,7.656,5.361,5.474,10.834
"147","NZL","WPR",2020,"New Zealand",7.53592785748843,0.576422555741039,7.12867087807444,0.770574936570624,7.95725863579847,0.860141276463686,9.17574761108832,0.715302515410777,8.58398984449127,0.945643559878182,9.80104643308609,1.07971894275513,0.736399816006771,0.0574066183011762,0.756724982014073,0.0833635778704664,0.717137933686567,0.0790025245626604,481.079,455.912,936.991,1889.084,1996.158,3885.242,2452.07,2370.163,4822.233
"148","OMN","EMR",2020,"Oman",7.04869089586032,0.539153837682367,6.15932347073702,0.617387122871533,7.50690605685665,0.752463668149422,8.94829040158169,0.695473693705311,8.88729986590496,0.904128517683921,8.97411692783487,0.912960646980412,0.500729759196882,0.0389174199258521,0.411545460564104,0.0418676080287161,0.585286408631702,0.059542734130851,589.455,558.869,1148.324,2780.775,1177.523,3958.298,1736.392,3370.23,5106.622
"149","PAK","EMR",2020,"Pakistan",237.595254499468,42.2764076803119,202.956452738284,50.3429316089607,270.268061515234,67.0394380339958,364.51928638556,64.8605797747819,310.000595475527,76.8950115465713,416.389001791568,103.284437410559,NA,NA,NA,NA,NA,NA,39890.248,37023.502,76913.75,73781.759,70196.822,143978.581,107220.324,113672.007,220892.331
"150","PAN","AMR",2020,"Panama",31.8072613545817,4.07948992768198,20.9836290217334,3.60231432956983,42.6058776807048,7.31426215809184,43.2721356562524,5.54993526764422,28.3364972218873,4.86460039331119,58.3961934709485,10.0250268585502,NA,NA,NA,NA,NA,NA,584.031,559.159,1143.19,1575.849,1595.729,3171.578,2154.888,2159.88,4314.768
"151","PER","AMR",2020,"Peru",102.141448318749,15.2122055811993,76.9025193937954,15.7422803395266,127.711121647156,26.1430223000877,135.63185952983,20.2000242261044,101.786405131852,20.8361200253151,170.146135771263,34.8296543352841,NA,NA,NA,NA,NA,NA,4084.879,4056.576,8141.455,12293.727,12536.664,24830.391,16593.24,16378.606,32971.846
"152","PHL","WPR",2020,"Philippines",568.838528548099,141.877154106042,340.999983719202,111.555827385492,794.703927918841,259.981989554843,813.122244708148,202.805302787702,483.100330252576,158.042990101457,1146.19105538834,374.968614752157,NA,NA,NA,NA,NA,NA,16874.956,16046.139,32921.095,38153.869,38506.121,76659.99,54552.26,55028.825,109581.085
"153","PLW","WPR",2020,"Palau",63.5640061905815,4.86200550142798,12.8448564726907,1.08499194580119,113.263296126067,9.56723528308413,89.9702706931623,6.88181845813137,18.0335580994198,1.52327628834218,161.592505854801,13.6495544132432,0,0,0,0,0,0,2.733,2.576,5.309,6.405,6.377,12.782,8.953,9.138,18.092
"154","PNG","WPR",2020,"Papua New Guinea",432.23995944582,43.6723559422571,424.020317572199,60.539733493215,440.119310270567,62.8382760089341,487.59885693166,63.2194125287832,474.340505734037,86.902981983883,500.479025406126,91.6917682601758,330.087619771913,42.7973632594661,329.342884820526,60.338255831194,330.784153570063,60.6023078163414,1624.843,1519.679,3144.522,2943.229,2859.276,5802.505,4378.955,4568.072,8947.027
"155","POL","EUR",2020,"Poland",9.57153224179553,0.732125779144538,5.12271236638732,0.505664381469406,14.3044008165058,1.4119914361442,11.2895414436028,0.863536173392415,5.98373714612226,0.590656380147939,17.0491180835767,1.68292325114684,NA,NA,NA,NA,NA,NA,2952.194,2807.191,5759.385,15385.689,16701.531,32087.22,19508.722,18337.883,37846.605
"156","PRI","AMR",2020,"Puerto Rico",1.08534556284168,0.0830180016667211,0.687560535221036,0.0705588402227816,1.52709148827238,0.156713189322219,1.24056455229934,0.0984675285182038,0.804402686316372,0.0862490979742297,1.74006073746533,0.186571566181632,0.25518865098403,0.0202551295873467,0,0,0.49570247506401,0.0531498614626069,231.994,218.653,450.647,1123.524,1286.669,2410.193,1505.322,1355.518,2860.84
"157","PRK","SEA",2020,"Democratic People's Republic of Korea",512.810581546269,35.9777180359286,373.710026269139,35.9259926264219,658.111968888917,63.2665009759084,587.624144590379,44.7085934633944,412.002800299919,42.7467422524067,775.179236354212,80.4275771711485,210.601877500148,16.0233608684428,210.206424383941,21.8096572071822,210.979655483418,21.8898826582879,2616.146,2499.215,5115.361,9992.233,10671.221,20663.454,13170.436,12608.379,25778.815
"158","PRT","EUR",2020,"Portugal",15.6879078706488,1.19996687461444,10.5358895559379,1.09393367254126,21.4258669511514,2.22463202530857,18.0432709140194,1.38012841387384,11.9805033040673,1.24392685674317,24.9611574029524,2.59169863576475,NA,NA,NA,NA,NA,NA,683.236,647.839,1331.075,4140.798,4724.834,8865.632,5372.673,4824.034,10196.707
"159","PRY","AMR",2020,"Paraguay",47.2502898941431,3.68326357920836,29.8505971953309,3.07764235885314,64.0921819620369,6.60800227167789,66.4500217538152,5.17992472663684,41.8758753135539,4.31746697848996,90.3531776303074,9.31555120697925,NA,NA,NA,NA,NA,NA,1053.414,1007.423,2060.837,2570.946,2500.747,5071.693,3508.17,3624.36,7132.53
"160","PSE","EMR",2020,"occupied Palestinian territory, including east Jerusalem",0.481378731932241,0.0617399913637333,0.375631625871689,0.0663880885948306,0.584161206918788,0.103243026645032,0.600743253450878,0.0959397696534051,0.363758754913775,0.0764128148228614,0.833450204986755,0.17507833232172,0.289583204830839,0.0462469545972809,0.394968956114538,0.0829689713214273,0.18882076387834,0.0396645465436753,1000.425,956.536,1956.961,1586.546,1557.909,3144.455,2514.445,2586.971,5101.416
"161","PYF","WPR",2020,"French Polynesia",19.6924250049167,1.5062720719815,19.2105042491373,2.07663572100887,20.1620894902186,2.17950110536249,24.3811968199665,1.93521255907308,23.6725123580942,2.65529324502878,25.0762983289714,2.81275280612441,3.28202409898207,0.26050461355241,3.36305108921301,0.377225987034731,3.20480966641936,0.35947639735571,31.964,30.46,62.424,110.297,108.183,218.48,138.643,142.261,280.904
"162","QAT","EMR",2020,"Qatar",34.3675591622528,2.62877187456758,27.7892237315361,2.57977578258869,36.5427559944299,3.39239835751492,39.4717909928275,3.04383940525197,37.4747024319967,3.50517940680164,40.005561916559,3.74190220834742,2.04858583956392,0.157975256421451,1.20311135057095,0.1125324780834,2.84959585297077,0.266535664150123,201.783,191.171,392.954,1963.352,524.754,2488.106,715.925,2165.135,2881.06
"163","ROU","EUR",2020,"Romania",62.7350827114619,4.89033693113025,38.2628788592853,3.95178518971133,88.5935293451299,9.14992827533625,74.2608250252741,5.78879375719622,44.8491880183763,4.63201834951811,105.977043688628,10.9452953929126,NA,NA,NA,NA,NA,NA,1534.331,1451.477,2985.808,7819.581,8432.293,16251.874,9883.77,9353.912,19237.682
"164","RUS","EUR",2020,"Russian Federation",51.9321047978055,9.17285593507271,31.6313727681845,7.46600533151052,75.4303566601311,17.8039520797757,63.612866490906,11.2360487257345,37.9557142962515,8.9587501425841,94.6783052436491,22.3470772801378,NA,NA,NA,NA,NA,NA,13751.165,13045.704,26796.869,53889.134,65248.457,119137.591,78294.161,67640.299,145934.46
"165","RWA","AFR",2020,"Rwanda",56.935706311889,7.30237678336616,31.9385312397164,5.32263989073986,82.7861393165641,13.7965269667361,94.0685876906973,12.0649117275138,52.0881610295564,8.68062847506384,138.651221805279,23.1065892962193,NA,NA,NA,NA,NA,NA,2565.553,2547.236,5112.789,3801.878,4037.542,7839.42,6584.778,6367.431,12952.209
"166","SAU","EMR",2020,"Saudi Arabia",8.08643291479226,0.618530645526529,6.45036305661626,0.663165544380748,9.27968335936301,0.954049595763559,10.7384180561663,0.821380789552361,9.06564623091178,0.932044315198543,11.8466038163119,1.21795616773063,NA,NA,NA,NA,NA,NA,4362.049,4235.666,8597.715,15769.259,10446.893,26216.152,14682.559,20131.308,34813.867
"167","SDN","EMR",2020,"Sudan",62.1573793762286,10.8252540054235,50.04311528023,12.0993238994383,74.2908202151607,17.961885296403,103.250369233408,17.9819594120931,82.3314363901827,19.9059293253943,124.611728097386,30.1283733331973,NA,NA,NA,NA,NA,NA,8846.639,8605.091,17451.73,13060.656,13336.883,26397.539,21941.974,21907.295,43849.269
"168","SEN","AFR",2020,"Senegal",114.888449040611,18.422829111606,85.7066128023544,18.9161420792236,145.507307991963,32.1146387839248,200.12464574978,32.0907992096372,145.361331239247,32.0824205348965,260.862309120088,57.5744197686268,NA,NA,NA,NA,NA,NA,3613.174,3518.326,7131.5,4557.611,5054.819,9612.43,8573.145,8170.785,16743.93
"169","SGP","WPR",2020,"Singapore",46.331471505175,3.543890494022,41.4682118263122,4.43810604203582,50.7593122203736,5.4324794905162,52.8302188344978,4.04097914964273,47.3977646939113,5.07271224397396,57.753822062958,6.18106195950407,NA,NA,NA,NA,NA,NA,370.867,348.795,719.662,2691.39,2439.291,5130.681,2788.086,3062.257,5850.343
"170","SLB","WPR",2020,"Solomon Islands",64.2095301082583,8.23529192253608,58.6021483966968,10.573655114272,69.6299359466563,12.5634118965218,86.3901273340511,13.3551564856508,78.6356621066737,17.1088224345578,94.0301941207353,20.4582227910322,30.9809447181234,4.78938250876673,27.8530483223421,6.06000948223295,33.9194327600025,7.3798774833811,141.773,133.188,274.961,207.489,204.428,411.917,337.616,349.262,686.878
"171","SLE","AFR",2020,"Sierra Leone",291.706987743843,58.9596249127118,237.043169804094,66.6149266774244,346.569991918544,97.3946417411207,488.978640880474,98.832041973423,396.320299114283,111.375694512067,582.458822634189,163.685170909849,NA,NA,NA,NA,NA,NA,1612.354,1605.85,3218.204,2368.885,2389.896,4758.781,3995.746,3981.239,7976.985
"172","SLV","AMR",2020,"El Salvador",54.4093921876896,6.97836057235706,27.8958403386982,4.60614301766583,84.532274024007,13.9579141203697,74.1177335159903,9.50608430794928,36.9154583210217,6.09545647396845,119.129500263888,19.6705856205131,NA,NA,NA,NA,NA,NA,881.829,842.89,1724.719,2154.595,2606.887,4761.482,3449.777,3036.424,6486.201
"173","SMR","EUR",2020,"San Marino",0,0,0,0,0,0,0,0,0,0,0,0,0,0,0,0,0,0,2.426,2.279,4.705,14.156,15.077,29.233,17.356,16.582,33.938
"174","SOM","EMR",2020,"Somalia",253.969815531189,50.7628532643308,218.5956309403,61.2197500630186,289.545087028987,81.0898085366152,471.623793671937,94.2669875318133,402.64332874679,112.764028468402,542.142834029549,151.832169083059,NA,NA,NA,NA,NA,NA,3692.028,3642.679,7334.707,4232.059,4326.453,8558.512,7969.132,7924.087,15893.219
"175","SRB","EUR",2020,"Serbia",12.973450521412,1.01130895468015,14.0117126587052,1.53668642606225,11.891988304892,1.30421294328107,14.9467337024831,1.19454558481509,15.992267354862,1.79812531388668,13.8359535605933,1.55567548909816,2.1057985988179,0.168295794171394,2.37814815733367,0.267392253205083,1.85137190053017,0.208163020658213,694.183,648.5,1342.683,3585.468,3809.219,7394.687,4457.719,4279.651,8737.37
"176","SSD","AFR",2020,"South Sudan",227.011832388529,45.3745752925975,177.076354782059,48.8765754855668,276.837698196942,76.4126789814874,386.914967554531,77.3356267046417,299.412033487944,82.6436419140886,475.631601683324,131.283727359354,NA,NA,NA,NA,NA,NA,2341.823,2284.29,4626.113,3261.191,3306.425,6567.616,5590.715,5603.014,11193.729
"177","STP","AFR",2020,"Sao Tome and Principe",115.370424190906,43.6337869351335,92.8780460352498,48.0697636548082,137.824041831664,71.3319174940872,191.628251461024,74.8754055553726,149.780112897044,78.6785181729077,234.004259074407,122.920913825047,9.00926611025336,3.52021400090214,12.143587348475,6.37894737426207,5.94196417250093,3.12127509511381,46.253,45.264,91.517,63.422,64.222,127.644,109.486,109.675,219.161
"178","SUR","AMR",2020,"Suriname",28.5965911143296,3.64226739356726,17.8603967595188,3.00864179746203,39.2231737542481,6.60727091201114,37.1014476191,4.9601527020689,22.576055620706,3.98020636223933,51.8069640178689,9.13367734632545,5.20604732618337,0.696004910028722,4.32122232362227,0.761840636561742,6.02906570337896,1.06293703710309,81.043,75.382,156.425,213.779,216.43,430.209,291.812,294.822,586.634
"179","SVK","EUR",2020,"Slovakia",3.22273819002451,0.246507004242256,2.54537042458064,0.270523992962176,3.93646141271005,0.418370249463121,2.94329759948812,0.279858087874461,2.4094477168702,0.319337123407023,3.51613013458415,0.466011723284611,4.73993367625723,0.450687954734788,3.32750617879318,0.441012371347568,6.08825553639948,0.806909399173915,434.443,414.725,849.168,2224.036,2386.439,4610.475,2801.164,2658.479,5459.643
"180","SVN","EUR",2020,"Slovenia",4.14876484656545,0.317338713664337,3.30554123686646,0.350626829763456,4.99888913574761,0.530244375855286,4.88874907538876,0.373940052132842,3.87237982995202,0.410752783318213,5.9255951358593,0.628542343921162,0,0,0,0,0,0,161.9,152.777,314.677,873.33,890.925,1764.255,1043.702,1035.23,2078.932
"181","SWE","EUR",2020,"Sweden",3.59827987567418,0.27523215960989,3.37676771905293,0.364545984821371,3.81897655776983,0.412285560065824,4.14692470074229,0.33364101130316,3.85638995431974,0.437813334561797,4.43958770707118,0.50402337967278,1.03379382105928,0.0831739278688704,1.06305044636564,0.120687395788232,1.00610442926539,0.114222353110495,914.418,865.434,1779.852,4144.529,4174.889,8319.418,5040.323,5058.947,10099.27
"182","SWZ","AFR",2020,"Eswatini",312.585642824793,65.9378926591669,255.673479891685,75.2158988924476,371.463157493812,109.279755210281,499.680488480683,105.404324125619,403.17168034071,118.608000945785,602.349620162263,177.20362763953,NA,NA,NA,NA,NA,NA,218.577,215.822,434.399,351.659,374.106,725.765,589.928,570.236,1160.164
"183","SXM","AMR",2020,"Sint Maarten (Dutch part)",2.68177790215009,0.205128992320348,0,0,5.43144570915789,0.415450878415016,3.52587687024773,0.269694059623533,0,0,7.21681832444305,0.55201389699913,0,0,0,0,0,0,5.238,5.027,10.265,15.935,16.681,32.616,21.708,21.173,42.882
"184","SYC","AFR",2020,"Seychelles",10.5247101891397,0.805034286866703,0,0,20.5198358413133,1.56956069252903,13.8057063586282,1.05599743587978,0,0,26.9264790051512,2.05960434389072,0,0,0,0,0,0,12.001,11.37,23.371,38.438,36.531,74.969,47.901,50.439,98.34
"185","SYR","EMR",2020,"Syrian Arab Republic",18.3929400864663,2.35901540741717,17.6551869391917,3.19962467380196,19.129053261088,3.46673139239223,26.5696600716256,3.4077334664359,25.2920538682149,4.58364331607432,27.8659405593107,5.0501051775525,NA,NA,NA,NA,NA,NA,2746.568,2639.198,5385.766,6013.497,6101.394,12114.891,8740.592,8760.065,17500.657
"186","TCA","AMR",2020,"Turks and Caicos Islands",10.9300634980225,0.836039730132783,5.39728342154416,0.522203101673795,16.602638954194,1.6063543232217,14.3702739826967,1.09918116986251,7.02413687618568,0.679605975236339,22.0610724186645,2.13447387203929,0,0,0,0,0,0,4.73,4.54,9.27,14.387,15.062,29.449,19.602,19.117,38.718
"187","TCD","AFR",2020,"Chad",141.119430535919,28.2066441459781,107.146894011144,29.4538547997063,175.19768988834,48.160493748689,263.726696803992,52.7131172531982,199.199823042001,54.7584950376262,329.133778476401,90.4763372787486,NA,NA,NA,NA,NA,NA,3835.225,3801.202,7636.427,4364.945,4424.487,8789.432,8225.689,8200.17,16425.859
"188","TGO","AFR",2020,"Togo",35.0211259026749,3.62482255614069,25.6573759712711,3.63137212154976,44.4756377916363,6.2947821065387,58.9941715680091,6.10612589597583,42.9910436928644,6.08466266064782,75.3267847392852,10.6612455776657,NA,NA,NA,NA,NA,NA,1687.16,1677.012,3364.172,2432.244,2482.321,4914.565,4159.333,4119.404,8278.737
"189","THA","SEA",2020,"Thailand",147.02006192112,19.4518812813684,94.3690901027121,16.7128458508245,202.566410445534,35.8746829989172,176.182690817486,23.3103206516977,111.88283017621,19.8145440636736,245.53734306969,43.484871591729,NA,NA,NA,NA,NA,NA,5944.323,5609.314,11553.637,28021.737,30224.604,58246.341,35833.918,33966.06,69799.978
"190","TJK","EUR",2020,"Tajikistan",82.1504095760935,10.3290833575398,60.5949161000084,10.4071200645601,103.374730544374,17.7545131119786,130.741584691013,16.4564790222048,95.2616025739431,16.3782216491691,166.513531662491,28.6284867718589,7.47192502804267,0.940493246812567,6.95836015000911,1.19634314112167,7.95783670030361,1.36818203561396,1826.519,1728.169,3554.688,2979.219,3003.735,5982.954,4731.904,4805.738,9537.642
"191","TKL","WPR",2020,"Tokelau",85.1949490349739,10.926807742868,0,0,0,0,0,0,0,0,0,0,0,0,0,0,0,0,0.204,0.19,0.394,0.482,0.474,0.956,0.664,0.686,1.35
"192","TKM","EUR",2020,"Turkmenistan",46.2867582393928,5.93657989601704,38.0819362509159,6.81563524387672,54.7473621290546,9.79829513860634,66.8804852442886,8.57786026153809,54.3310003388148,9.72377765417319,80.1615292465482,14.3467427794638,NA,NA,NA,NA,NA,NA,941.381,915.732,1857.113,2027.929,2146.145,4174.074,3061.877,2969.31,6031.187
"193","TLS","SEA",2020,"Timor-Leste",498.081227857725,99.5567454872182,340.743697578099,91.6520276393579,652.10264537324,175.400249813126,788.501922615064,157.606191190152,537.190537861071,144.49159991392,1036.54914159445,278.807300766563,NA,NA,NA,NA,NA,NA,247.103,238.505,485.608,419.139,413.695,832.834,652.2,666.242,1318.442
"194","TON","WPR",2020,"Tonga",9.81899388206568,0.765412138346415,7.37198726407405,0.788430580160188,12.2608663375252,1.31129390400212,13.1695804772476,1.16146273753734,7.38822111419141,0.841196776793538,19.1698103472659,2.18260693969881,3.53083050852123,0.31139397912427,7.3397326474731,0.835676051129716,0,0,19.067,17.675,36.742,33.837,35.118,68.955,52.793,52.904,105.697
"195","TTO","AMR",2020,"Trinidad and Tobago",18.0780012161564,1.38278492527857,9.08906151205854,0.882579469826221,27.2958707397239,2.65052393956726,22.4095394736842,1.72975688488231,11.0905179140358,1.08483134266526,34.1804443001898,3.34339816864125,0.819172920280228,0.063230661229243,0.831904627559915,0.0813736762413166,0.806825038236491,0.0789204883225819,142.534,138.237,280.771,548.413,570.307,1118.72,708.544,690.947,1399.491
"196","TUN","EMR",2020,"Tunisia",35.7830551383744,4.589411457224,35.1331329910891,6.37219895386541,36.4437466441672,6.6099087804039,47.2637509107983,6.06188597095996,45.8416852921395,8.31444036420229,48.7456765475805,8.84114574070966,NA,NA,NA,NA,NA,NA,1479.076,1391.749,2870.825,4381.676,4566.117,8947.793,5957.866,5860.752,11818.618
"197","TUR","EUR",2020,"Turkey",14.9270297935159,1.16359474370204,12.7447912519621,1.39229572078455,17.1651825003332,1.87519824132236,19.6258659153694,1.52987933538156,16.5765101783499,1.81088914918909,22.8229885392803,2.49328126687543,NA,NA,NA,NA,NA,NA,10321.572,9870.936,20192.508,31314.553,32832.006,64146.559,42702.942,41636.125,84339.067
"198","TUV","WPR",2020,"Tuvalu",296.010296010296,22.6417918293947,227.726697247355,23.9461619794818,362.238821728355,38.0905252006615,389.107469963594,31.8800911787414,290.033519780092,32.5358223608204,486.955374119122,54.6264223597306,69.9180428165776,5.72847799668352,72.3340809547706,8.11440281234403,67.6581847716348,7.58986300154046,1.779,1.664,3.443,4.202,4.15,8.352,5.814,5.981,11.792
"199","TZA","AFR",2020,"United Republic of Tanzania",222.172240497409,70.941876030321,165.555947077495,72.4522397743352,278.849220158536,122.03276847769,393.604388408468,125.681919869686,290.648499436672,127.196486402143,498.570865350524,218.189539660363,NA,NA,NA,NA,NA,NA,13155.471,12861.425,26016.896,16695.637,17021.68,33717.317,29883.105,29851.108,59734.213
"200","UGA","AFR",2020,"Uganda",196.662984901703,47.4071513210204,NA,NA,NA,NA,NA,NA,NA,NA,NA,NA,NA,NA,NA,NA,NA,NA,10619.291,10428.837,21048.128,11927.298,12765.574,24692.872,23194.411,22546.589,45741
"201","UKR","EUR",2020,"Ukraine",63.1540116892759,14.7627741417125,37.4640105247388,11.6406941747197,92.9104949327679,28.8688435110282,75.1748602013493,17.5727472032594,43.7965659955028,13.6083249901909,112.980911264876,35.1050572855009,NA,NA,NA,NA,NA,NA,3599.633,3393.621,6993.254,16663.515,20076.99,36740.505,23470.611,20263.148,43733.759
"202","URY","AMR",2020,"Uruguay",32.0462719148626,2.45121680875962,19.5361344687592,1.98207494211335,45.4289248398414,4.60907625898009,37.6913884545573,3.06997214369366,21.8095025295575,2.33833707200028,55.1740053610185,5.91556006248023,9.93085913610728,0.808870730446885,9.9902992746174,1.07112425524404,9.87400602134337,1.0586557074179,361.049,345.335,706.384,1317.287,1450.056,2767.343,1795.391,1678.336,3473.727
"203","USA","AMR",2020,"United States of America",2.37954290438046,0.182011059927208,1.87542098951159,0.198788246205385,2.89422401255053,0.306777901494141,2.91509720676961,0.222975568718784,2.28099375074733,0.241777579462087,3.57202900029254,0.378622924844118,NA,NA,NA,NA,NA,NA,31078.969,29732.002,60810.971,132707.047,137484.629,270191.676,167216.631,163786.016,331002.647
"204","UZB","EUR",2020,"Uzbekistan",64.6316278264028,10.9498553021717,59.2164731981342,14.1408473383252,70.071224228791,16.7329533677819,90.7748217520042,15.37902102566,82.1872408514608,19.6262486310192,99.6102838206277,23.7868576218943,NA,NA,NA,NA,NA,NA,4951.409,4687.737,9639.146,11745.509,12084.544,23830.053,16772.281,16696.918,33469.199
"205","VCT","AMR",2020,"Saint Vincent and the Grenadines",6.7378076661801,0.525226909108831,2.10137375386607,0.190467116959978,11.2514401608799,1.01982303964148,7.96395066134244,0.670218282656311,2.695434039781,0.266566622933667,13.0754109071963,1.29310088006626,2.36618558504107,0.199129917636258,0,0,4.69796095487484,0.464607765551911,12.24,12.062,24.302,43.978,42.667,86.645,54.729,56.218,110.947
"206","VEN","AMR",2020,"Venezuela (Bolivarian Republic of)",45.874610625781,5.88371927918806,32.3281756276486,5.6410692536655,59.8725107348981,10.4473875462844,63.0688609566358,8.08899450186171,43.8411477545152,7.65001259247954,83.5019443391657,14.5705794307211,NA,NA,NA,NA,NA,NA,3957.465,3794.93,7752.395,10027.467,10656.081,20683.548,14451.011,13984.932,28435.943
"207","VGB","AMR",2020,"British Virgin Islands",3.85970800469877,0.295228777564419,0,0,7.81687816062136,0.597912427810806,5.07439414487921,0.388140029880227,0,0,10.3867916463223,0.79448491876249,0,0,0,0,0,0,3.694,3.545,7.239,11.236,11.763,22.999,15.308,14.93,30.237
"208","VNM","WPR",2020,"Viet Nam",157.30102773972,35.2548155598096,91.5042022896295,26.764674590255,223.290207507227,65.3116424555594,204.803142338892,45.901143260006,117.159722314345,34.2688288009203,295.724962060483,86.4985670571915,NA,NA,NA,NA,NA,NA,11903.637,10673.109,22576.746,36694.617,38067.22,74761.837,48740.329,48598.254,97338.583
"209","VUT","WPR",2020,"Vanuatu",37.4043524155475,5.02608771860183,34.7280350841008,6.57603442114898,40.0079558776897,7.57583014225724,54.8777983697243,8.11455538674711,49.8151200025205,10.3724636815415,59.9284480710222,12.4782526083721,9.38614385379826,1.38789066675899,9.7159749187481,2.02305237788012,9.07797128625172,1.89020778157231,60.991,56.986,117.977,94.699,94.474,189.173,151.46,155.69,307.15
"210","WLF","WPR",2020,"Wallis and Futuna Islands",0,0,0,0,0,0,0,0,0,0,0,0,0,0,0,0,0,0,1.697,1.586,3.283,4.005,3.957,7.962,5.543,5.702,11.246
"211","WSM","WPR",2020,"Samoa",5.94261225844989,0.463239680982187,7.58130350210887,0.814367796364691,4.41554661424407,0.474308799929624,9.46264293956841,0.737633805796616,12.0486842509479,1.2942445108297,7.04373713029587,0.756623538864469,0,0,0,0,0,0,38.321,35.486,73.807,64.382,60.221,124.603,95.707,102.703,198.41
"212","YEM","EMR",2020,"Yemen",47.878062606594,3.26515647084862,43.5898278149582,4.18464690380149,52.1023656758491,5.00185511472371,78.2733520215888,5.33803433000865,70.7014273339731,6.7873750326201,85.850871013029,8.24172977003711,NA,NA,NA,NA,NA,NA,5906.414,5675.675,11582.089,9118.571,9125.308,18243.879,14800.983,15024.985,29825.968
"213","ZAF","AFR",2020,"South Africa",290.074923975811,94.9632710526693,221.160076596139,99.8668900833304,361.057654665256,163.038942955537,407.415019731985,133.377481994836,307.431430463518,138.823522521773,512.592506542431,231.465915079654,NA,NA,NA,NA,NA,NA,8636.966,8444.602,17081.568,20579.046,21648.076,42227.122,30092.678,29216.012,59308.69
"214","ZMB","AFR",2020,"Zambia",319.496345153567,63.3663385498857,237.298445172793,64.5698125959659,403.30103558512,109.739751006493,570.706545031896,113.189351595695,417.748015395845,113.670829350799,731.347484910405,199.00244187782,NA,NA,NA,NA,NA,NA,4083.16,4008.98,8092.14,5019.846,5271.97,10291.816,9280.95,9103.006,18383.956
"215","ZWE","AFR",2020,"Zimbabwe",188.813807058028,26.9872154287846,148.413758855186,29.5348923767251,233.081288544981,46.3840470405544,325.042977587212,46.4584926094086,247.042766227471,49.1624332491723,416.876362886961,82.959953357699,NA,NA,NA,NA,NA,NA,3126.77,3102.45,6229.22,3965.24,4668.467,8633.707,7770.917,7092.01,14862.927
